{"assets/icons/behance.svg":["assets/icons/behance.svg"],"assets/icons/check.svg":["assets/icons/check.svg"],"assets/icons/download.svg":["assets/icons/download.svg"],"assets/icons/dribble.svg":["assets/icons/dribble.svg"],"assets/icons/github.svg":["assets/icons/github.svg"],"assets/icons/linkedin.svg":["assets/icons/linkedin.svg"],"assets/icons/twitter.svg":["assets/icons/twitter.svg"],"assets/images/1mizan.png":["assets/images/1mizan.png"],"assets/images/bg.png":["assets/images/bg.png"],"assets/images/fiverr.png":["assets/images/fiverr.png"],"assets/images/mh-white.png":["assets/images/mh-white.png"],"assets/images/mizan.png":["assets/images/mizan.png"],"assets/images/upwork.png":["assets/images/upwork.png"],"packages/cupertino_icons/assets/CupertinoIcons.ttf":["packages/cupertino_icons/assets/CupertinoIcons.ttf"]}